aa_000,ac_000,ad_000,ae_000,af_000,ag_000,ag_001,ag_002,ag_003,ag_004,ag_005,ag_006,ag_007,ag_008,ag_009,ah_000,ai_000,aj_000,ak_000,al_000,am_0,an_000,ao_000,ap_000,aq_000,ar_000,as_000,at_000,au_000,av_000,ax_000,ay_000,ay_001,ay_002,ay_003,ay_004,ay_005,ay_006,ay_007,ay_008,ay_009,az_000,az_001,az_002,az_003,az_004,az_005,az_006,az_007,az_008,az_009,ba_000,ba_001,ba_002,ba_003,ba_004,ba_005,ba_006,ba_007,ba_008,ba_009,bb_000,bc_000,bd_000,be_000,bf_000,bg_000,bh_000,bi_000,bj_000,bk_000,bl_000,bm_000,bs_000,bt_000,bu_000,bv_000,bx_000,by_000,bz_000,ca_000,cb_000,cc_000,cd_000,ce_000,cf_000,cg_000,ch_000,ci_000,cj_000,ck_000,cl_000,cm_000,cn_000,cn_001,cn_002,cn_003,cn_004,cn_005,cn_006,cn_007,cn_008,cn_009,co_000,cp_000,cq_000,cs_000,cs_001,cs_002,cs_003,cs_004,cs_005,cs_006,cs_007,cs_008,cs_009,ct_000,cu_000,cv_000,cx_000,cy_000,cz_000,da_000,db_000,dc_000,dd_000,de_000,df_000,dg_000,dh_000,di_000,dj_000,dk_000,dl_000,dm_000,dn_000,do_000,dp_000,dq_000,dr_000,ds_000,dt_000,du_000,dv_000,dx_000,dy_000,dz_000,ea_000,eb_000,ec_00,ed_000,ee_000,ee_001,ee_002,ee_003,ee_004,ee_005,ee_006,ee_007,ee_008,ee_009,ef_000,eg_000
1056758,42328,856,0,0,0,50394,184552,2116260,8359268,6371434,639894,51190,4638,0,39454610,431612,2782,,4715344,7735174,78912322,72142386,39047734,10263578,6,0,0,0,34274,13358,0,0,0,0,0,0,268560,13072594,4436476,0,37508,16514,21030,32408,572048,15167946,1083288,846888,0,0,4941978,2295090,1757550,1255152,996850,823728,705760,692240,382398,3926884,122690152,28632,55552,69552,20,39454610,1238960,22612972,16403106,239060,245160,223840,93040,1056757.35,122690152,122690152,37485530,158366,328218,,347380,33755552,1209600,1509754,0,66,0,53167146.24,0,4672391.04,882,3704,82166,223794,798812,1843556,2970768,2409502,3005466,2641884,1821016,1980666,3138,72458,122690152,26206,3270,653530,633870,554164,12894082,2987228,25140,140,0,1526,3396,2320620,1217266,0,168,0,0,2849282,98634,18932,,,,,,,,,724196,351394,119428,134116954,17043728,1424784,257018,5243680,5958964,25101716,1144778,0,0,,7445.3,7276,1415192,1779796,1450086,713608,1750894,4054554,4096660,2295880,220478,482,0,0
791254,,,,,0,14868,921256,9292232,17829808,16418686,5286406,370400,15482,0,16175962,12142,0,,4115140,6289860,35402544,33278180,13792288,4396396,,0,0,0,,,0,0,0,0,0,0,48206,32339732,17761200,0,291518,192100,156468,142506,38551590,10814792,162,2,0,0,10722776,13721260,8503616,5099010,3309960,2280026,2307222,3015564,738916,450788,53326088,,,,,16175962,570394,3965738,9803976,389780,335600,272280,502860,791253.58,53326088,53326088,52153362,281154,,,1168940,50149138,1209600,,,,,41232372.48,0,8856571.2,,,7254,596600,7713378,6916904,11272358,14883860,7258736,1460916,38966,166,,,53326088,68136,11932,1957784,5499446,2049652,26852268,13372038,337520,362,0,8082,48246,35641650,16404972,692,106652,0,0,37971484,,,,,,,,,,,381376,,,,,,,,,,,,,,,,9385322,6823460,3625532,1380864,3262488,5727988,7563752,12114820,264714,198,,
785270,,8994,,,0,0,0,0,0,0,0,0,0,0,21002694,0,12830,,5792164,9139892,46717246,47327158,17820990,4131950,,0,0,0,,,0,0,0,0,0,0,0,0,0,0,0,0,0,0,0,0,0,0,0,0,0,0,0,0,0,0,0,0,0,0,70369780,,,,,21002694,770542,8160358,9621214,325140,263720,251340,363580,785270.68,70369780,70369780,214,0,,,1132040,0,1209600,,262,26,0,48720310.08,0,13328594.88,0,0,0,0,0,0,0,0,0,0,0,0,7396,,70369780,0,0,0,0,0,0,0,0,0,0,13878,19794,43400160,14200558,4744,294412,0,0,45214496,,,,,,,,,,,398140,,,,,,,,,,,,,,0,0,0,0,0,0,0,0,0,0,0,0,,
1086734,,,0,0,0,0,0,0,30852,6514980,60480536,11500936,150142,48,30292908,150728,122,,0,0,56559980,42526318,24635450,12821428,0,0,0,0,0,0,0,0,0,0,0,9836,195734,24314768,54160294,0,145308,138502,146152,139038,23191556,54215478,704588,8,2,0,28645872,13510036,6015268,4470444,4165454,6946892,11099530,3726698,99988,538,81200538,808,1778,2608,3250,30292908,1425526,11792288,12784598,390680,404820,403480,11840,1086733.01,81200538,81200538,80212834,573445,3052318,,42860,78681216,1209600,0,,,,67056136.32,0,11561998.08,0,0,0,0,0,776778,33511648,38907668,5050048,385386,48232,960,,0,81200538,50478,11412,2839770,6988174,28318670,39379702,1089922,2592,0,0,,,,,,,,,,30426,2228,,,,,,,,,862028,1167566,285656,0,0,2583386,426868,46558460,16652020,0,0,0,0,,22764.6,24858,11866174,17692108,10418606,5879290,12787218,11547080,5935580,1598690,932418,22944,0,0
33326,1298,,0,0,0,3564,317530,1994798,867174,52518,3564,0,0,0,1151516,15630,0,0,455764,755416,1957576,1953412,904324,348662,4,0,0,0,3446,306,0,0,0,0,0,0,2862,977518,2164770,93998,43212,17258,18444,31138,1202844,1926252,0,0,0,0,544152,1383312,317672,238488,172800,127544,105556,111942,131948,105734,3317826,104,412,628,2,1151516,51476,226150,676666,352140,301180,,248880,33326.24,3317826,3317826,3317522,20720,44500,88104,896540,3239148,1209600,0,,,,2083135.68,613213.44,539152.32,634,974,23934,871786,1926800,367282,38524,9294,1452,76,0,0,,0,3317826,1692,174,390590,822654,576966,1439044,8028,0,0,0,,,,,,,,,,2436,104,0,0,1130,614148,0,0,0,0,42644,22042,3746,18988,3678,104702,14504,7442640,922764,0,40106,0,0,23326270,417.32,508,1162614,479098,439734,235812,431494,307222,134548,47684,942,0,0,0
776540,4210,,0,0,0,0,0,3444,633036,8160018,27721940,12657456,415012,3174,25729930,3928,42,,17008,33604,43713062,38767180,7398010,4359462,0,0,0,0,4908,254,0,0,0,0,0,926404,15811478,18368810,14487388,0,279848,478320,685660,2536938,37521456,8072248,19608,0,0,2,22159700,8026592,5298680,4196126,3469294,2519948,2263114,1428220,219050,13356,51132050,3890,3994,782,34,25729930,772740,3600654,3781258,162180,235760,226820,47240,776539.58,51132050,51132050,50705016,283555,250392,,259860,49594080,1209600,1533168,,,,41912154.24,0,7639304.64,0,0,0,110,158138,3218618,16871472,23574878,5385902,338966,45252,744,,1772,51132050,35170,6310,2473004,2519662,2620832,35809340,5979352,150376,34,0,2978,4036,34873464,643164,110,114906,0,222,38102948,21982,442,,,,,,,,,385142,598572,148750,92541684,18584810,2022872,342592,4184620,1598064,47146564,19082,0,0,,11715.38,14144,7917796,7004684,5743474,3287374,6537582,5775276,5167240,3502940,4578868,78846,0,0
189342,2902,,0,0,0,29190,421322,2766290,4166820,3406008,840692,82726,4174,0,4722588,0,0,0,1512618,1983602,8722848,9111382,1835716,774364,0,0,0,0,8828,2552,0,0,0,0,0,0,0,1948958,9768264,0,15448,6610,8442,9474,17652,7785276,1561932,2312384,4,0,3450318,2673018,1674150,975124,663572,465834,346190,316862,181896,970258,12074006,9588,13454,4024,0,4722588,146508,635278,1196834,168740,160580,190000,197520,189342.35,12074006,12074006,11961876,71702,11026,105068,1164840,11735412,1209600,0,,,,10306516.8,0,1413129.6,86,1566,172976,475800,1025960,1385928,2298486,2178108,2197616,1547342,383900,51106,,0,12074006,15846,2430,943462,628190,430938,7632144,1999030,64988,194,0,,,,,,,,,,12412,700,0,0,0,0,0,0,0,0,100322,63752,18248,16821056,2726716,480500,71998,19662400,2170452,607268,162306,0,0,6270570,,4860,1469598,1877694,1267074,510930,1096130,1691060,2906218,844034,54484,0,0,0
517566,,,,,0,0,0,0,66192,7975252,40461750,12912438,759642,20478,23111804,234882,278,,0,0,46201662,38223816,19709456,7673782,,0,1313210,0,,,66298,384076,723006,3650964,8239544,11956932,29111570,7867758,195604,0,852528,738544,898174,987056,3592788,52677270,2449372,16,2,2,29925136,12525556,5245032,4246492,3633044,3136756,2495572,969674,18462,28,65923930,,,,,23111804,1040084,9077304,10582736,334220,314580,298460,110280,517565.91,65923930,65923930,65989402,298347,,,453620,62195752,1209600,,,,,51424931.52,0,10729936.32,24050,40786,0,0,6182,483788,17917456,36008126,6990518,572274,95116,122292,,,65923930,68660,13110,6774992,4683746,9886648,34566024,6086988,115566,18,0,,,,,,,,,,,,,,,,,,,,561946,,,,,,,,,,,,,,29470.64,33632,11139932,31020298,10661418,3321906,3956102,1217588,515170,199942,162696,700,,
816316,56,,0,0,0,0,0,0,0,0,0,0,0,0,21971642,12922,0,0,2203208,3946600,36482040,31612946,21919394,5914796,0,0,0,0,372,84,0,0,0,0,0,0,0,0,0,0,0,0,0,0,0,0,0,0,0,0,0,0,0,0,0,0,0,0,0,0,60609844,1166,1598,880,0,21971642,679768,12459926,9445462,547180,510480,469960,22880,816316.4,60609844,60609844,252,0,11930,65374,64560,0,1209600,0,,,,40681610.88,0,8632452.48,0,0,0,0,0,0,0,0,0,0,0,0,,0,60609844,0,0,0,0,0,0,0,0,0,0,,,,,,,,,,4074,372,0,0,0,0,0,0,0,0,439874,14288,3314,0,0,75396,11080,2766460,329090,0,0,0,0,6316400,0,0,0,0,0,0,0,0,0,0,0,0,0,0
470022,,,0,0,34,34864,729294,3860248,11802520,15758274,5869372,1403010,286538,14816,17892612,144336,0,,1396046,2243280,29070618,23073062,10568870,6722350,2,0,37484,0,10916,3352,0,0,0,0,0,0,30454,12441580,27286934,2,180760,101422,140790,272582,17573254,21490160,2,0,0,0,10972050,12069304,4427458,3084442,2267996,1742898,1343020,1892078,1491002,468722,41038662,180,282,1314,2192,17892612,594550,3040394,7511390,410220,479320,407820,330720,470021.17,41038662,41038662,41071564,283269,14158,,1070300,39758970,1209600,943836,,,,29250025.92,0,10479729.6,3740,11722,93238,1341586,4443502,12440280,13718754,6980686,662912,66588,11276,148,,5248,41038662,24226,4724,4475426,4788204,7054514,23183120,228756,0,0,0,2530,16236,21297828,17078,24,9378,0,0,22185518,37926,2684,,,,,,,,,453472,298158,76462,2624791420,17833018,1438846,198198,1071440,361380,32933838,4808,0,0,,9207.78,10852,10699400,6380564,6131560,2987872,5997906,5151240,2067400,329446,13582,0,0,0
459170,0,,0,0,0,0,0,0,365944,6878976,16446022,4756616,27288,0,13585980,4738,0,,1728,2118,26696520,24838724,2751716,1284212,0,0,0,0,0,0,0,0,0,0,0,23220,1052836,27271910,126880,0,21962,8262,13848,30280,9583052,18811348,6082,12,0,0,10654966,5066990,2878782,2209964,1910596,1935544,2296184,1368734,148746,4340,29457954,120,548,534,1212,13585980,223528,1245042,1493474,146940,118300,186000,50220,459169.19,29457954,29457954,29058536,185013,2589514,,332100,28474846,1209600,0,,,,25770877.44,0,2662235.52,,,0,0,13886,2181948,12068484,11879294,2121444,177222,31640,928,,0,29457954,32756,6364,1131722,1377334,3473376,19939384,2465016,48892,2,0,,,,,,,,,,26090,984,,,,,,,,,136540,320514,60694,0,0,783692,100624,50762460,7356986,0,0,0,0,,,,2819632,5257694,3585190,1706650,3907414,3866320,3317938,1945312,2041704,26992,0,0
254156,1596,,0,0,0,0,178320,1794246,7164838,7323704,1547966,126078,5442,0,7552338,0,0,0,846206,1274534,14791072,13537590,4966466,1551986,6,0,0,0,4750,736,0,0,0,0,0,0,0,7715852,10407728,17014,68448,41712,41564,43592,285166,15655974,982648,1021490,0,0,7105916,3025528,2201464,1422558,941886,652796,504166,421714,240132,1624434,20610174,5628,11758,14988,0,7552338,224490,2616520,2341946,302480,252200,259100,306260,254155.17,20610174,20610174,20253668,104563,614782,86868,1203500,18155430,1209600,0,,,,14525041.92,0,3600866.88,1970,6550,29758,216794,1158368,2194728,3924932,2856308,1921584,1708132,2276738,1853252,,0,20610174,40342,5214,1754066,1613178,1300618,8497654,4822606,105910,1006,0,,,,,,,,,,26118,2564,0,0,0,0,0,0,0,0,138608,108474,26724,0,0,743058,98928,22144860,3884760,0,0,0,0,69880870,11862.46,12350,3751746,2996598,1920812,825022,2134934,2673546,3097154,725704,15078,0,0,0
406884,,,,,0,0,0,0,217260,9517738,32609278,15650362,1822266,60604,22733630,463828,8964,,0,0,38851688,27604642,24011304,10720650,,0,15136,0,,,0,0,0,0,0,0,67066,59800272,10170,0,841220,161452,133628,14364620,41835166,2541402,18,2,0,0,21815436,17441256,5760322,3697442,2724986,2333788,2312556,3045784,730082,15856,62878490,,,,,22733630,1245370,9820174,14127348,734240,710200,623840,453120,406883.85,62878490,62878490,62522010,253165,,,1021580,59877508,1209600,,,,,46190875.2,0,13616364.48,,,0,0,1312,1293672,15976824,29645760,11245290,1521024,186590,7036,,,62878490,87728,34516,7379446,10567652,23678180,17614254,507202,8530,0,0,,,,,,,,,,,,,,,,,,,,767376,,,,,,,,,,,,,,,,13906666,33854976,6574514,2920250,2344686,225474,35754,10032,5086,70,,
1793716,,,,,16,321850,4962834,22490342,47250690,53124178,14998044,977686,12516,0,16949902,12518,0,0,4792338,7803742,43629546,42048018,20653760,5384344,,0,0,0,,,0,0,0,0,0,172044,100440374,43382200,143538,0,110208,76976,114494,187650,15371562,128264668,6798,5152,336,312,20512082,79131824,23158984,9712786,4626186,2639408,1865300,1988208,481670,21708,69077546,,,,,16949902,803366,7630900,13012222,733700,572060,593980,62820,1793715.43,69077546,69077546,157403558,690996,,101616,90200,144138156,1209600,,,,,112935394.6,29959577.28,8157045.12,101376,,579856,10494422,33460206,51319080,40038072,7795810,365658,76446,8598,8,,,69077546,45560,10794,31157386,9801712,26796756,76229292,96656,0,0,0,13228,28448,33750444,14982408,432,671960,164,0,69158832,,,,,,,,,,,411764,,,,,,,,,,,,,,0.92,0,37146136,27622660,20685232,7901596,16649520,32250208,1541010,264946,76834,14,,
465924,0,,0,0,0,0,0,0,568272,12274510,16051928,2226432,28762,224,14375544,2338,702902,1613576,5946,12938,23848076,16879732,9685630,5375878,0,0,6102,0,0,0,0,0,0,0,0,2075180,18138464,4977260,5959220,0,27946,16136,27052,47114,10731010,20198784,102054,22,4,2,12179228,4564430,2124920,1609940,1420516,1846946,3834890,3564894,4360,0,33546620,238,504,1498,1082,14375544,536204,4924396,4737788,420080,350600,351120,309980,465924.8,33546382,33546620,32867292,218742,6944496,100866,807180,31150142,1209600,0,,,,27623150.4,0,3496469.76,0,0,0,0,47000,3793460,16253008,9775428,1033794,196628,46584,4222,,0,33546382,28562,5914,840022,2248542,2158562,20125198,5630090,113096,138,0,,,,,,,,,,27642,1090,0,0,0,0,0,0,0,0,422004,605378,104130,0,0,1160266,179410,43043280,9123318,0,0,0,0,237413170,12084.14,15746,3678070,7190034,4330192,1944950,3770746,3093810,2664414,1600280,2700912,176716,0,0
121166,10044,,0,0,0,0,0,28064,3447262,6838768,5501646,402770,7926,0,7387296,169982,0,0,232548,580478,11696386,8050060,5833822,3257318,0,0,0,0,207284,18738,3108720,1531114,753414,913586,809372,926094,1522160,2257586,4404390,0,39776,31318,52540,1429386,8487728,6182760,2928,0,0,0,9664998,2780076,1507932,955002,578738,371202,248282,105606,13510,1090,17768638,780,800,1112,930,7387296,343312,2780954,3032424,407660,442940,476600,275240,121166.38,17768638,17768638,17392746,59442,513870,39574,780160,16226436,1209600,0,,,,13356534.72,0,2840713.92,,,0,0,411262,3165684,7524036,4487082,549446,73474,15030,422,,1814,17768638,25070,5844,1409830,1307188,3329544,8718190,1411540,19230,0,0,,,,,,,,,,20252,558,0,0,0,0,0,0,0,0,253422,10590,3052,45305816,7018666,542810,109054,54461360,6548958,5971396,269798,0,0,70369220,,,2976076,8914848,2773662,535560,753566,224744,33244,9670,5052,14,0,0
777188,0,,0,0,0,0,0,0,287778,7372740,14601464,2364060,78596,0,22471070,498696,0,,2352,4160,41616522,27975246,24367074,10695718,0,0,0,0,0,0,0,0,0,0,0,190626,7232824,3465668,13815520,0,45342,40932,76994,142710,5468558,18915050,14954,80,12,6,11706634,4964444,1858838,1262860,1088348,1290426,2039024,494064,0,0,66011940,3152,1458,5896,7808,22471070,1091488,8623656,15661554,550740,618720,671040,146460,777188.83,66011940,66011940,25802296,128527,4262536,,419240,24704638,1209600,0,,,,50479173.12,0,10481269.44,,,0,0,24192,2403452,12376788,8447218,1238284,182314,32174,216,,0,66011940,35888,8882,5343758,2079598,8687068,8356682,191612,1150,0,0,,,,,,,,,,28684,13726,0,0,0,0,0,0,0,0,779064,245850,48222,0,0,897490,184482,40252760,7417556,0,0,0,0,135689750,,,6107398,7838712,3408454,1295384,2404548,1647134,990148,479706,513940,19214,0,0
193192,4626,2660,0,0,0,3430,255948,3369730,3434056,3638624,1344470,20682,0,0,4315528,0,0,0,1717094,2538216,8944344,10140198,3837050,192478,10,0,0,0,5472,6044,0,0,0,0,0,0,3494,5789498,6273948,0,31280,18060,18014,37698,1067916,10893948,24,0,0,0,1429808,6060580,2151612,869758,415522,239102,184592,350398,283090,82478,14501824,26120,24758,6296,14,4315528,109034,2543260,1289712,334380,287020,313840,275500,193192.37,14501824,14501824,14630304,60333,18412,111112,1172140,12066940,1209600,342386,0,250,0,10374679.68,0,1681086.72,916,3816,50798,1256592,4325524,2838392,2943244,587560,53948,10150,732,0,276,394,14501824,20172,2784,92996,789518,558184,6250312,4244770,107746,458,0,4002,11880,10279188,4473534,0,88112,0,0,10462562,21656,20234,0,0,0,0,0,0,0,0,85070,127742,16290,0,0,442426,52242,46140,10680,0,0,0,0,21821130,5381.56,5906,1761758,1387530,1411982,585672,1329466,3862770,1632150,81364,14248,0,0,0
792676,2616,,0,0,0,0,0,0,1091364,36378480,27271604,2355502,137204,3670,31327466,0,50,0,708,1788,56295258,45940918,16180076,8963134,0,0,0,0,14480,2864,33606,16440,24018690,9346816,12094044,21321274,152692,111230,143032,0,123578,49704,44440,55580,255258,66693214,7154,5686,408,2802,36636300,6318768,6254614,5157986,5223396,4646660,2814444,185656,0,0,72485342,3496,2174,2580,94,31327466,978388,8648938,7509542,281720,282740,259560,233740,792676.15,72485326,72485326,71662642,315135,14568,20474,1004900,67237876,1209600,0,,,,60719386.56,0,6450330.24,16,23538,0,0,10442,5187138,35644580,23298370,2632528,387984,74734,2048,,126,72485326,133024,21622,5537492,3015014,10889520,39745718,7870818,24526,90,0,,,,,,,,,,7558,198,0,0,0,0,0,0,0,0,660220,11306,1438,0,0,163246,18714,20847400,2139036,2244536,142902,0,0,5341620,33663.2,35666,6766378,24284428,13038058,9275202,13791348,69876,6898,2858,2724,54,0,0
726656,,,,,0,0,0,0,56066,3977184,28286924,13193810,80228,0,17372442,12684,148,,1102,2932,37370828,32373148,9213354,4815592,,0,0,0,,,0,0,0,0,88780,5473122,14527690,22164280,3340336,0,19156,18454,32548,66756,16379348,28997656,80286,4,0,0,15874844,9314882,4216802,3203234,2864650,3581650,5267780,1270066,298,0,46587760,,,,,17372442,621818,5137396,4029464,305680,305360,266580,155120,726655.92,46587760,46587760,46607660,308346,,,561120,45594202,1209600,,,,,40520802.24,0,5061407.04,,,0,0,14116,1673226,17685650,23652342,2355076,172906,40258,634,,,46587760,25726,6412,2845428,1921152,11051240,28681622,1053350,9276,0,0,,,,,,,,,,,,,,,,,,,,299812,,,,,,,,,,,,,,,,5219262,8105168,5923458,2949984,6561588,5688698,4816786,2942292,3312658,74314,,
816316,56,,0,0,0,0,0,18604,1390920,4718660,1605642,148024,8066,0,21971642,12922,0,0,2203208,3946600,36482040,31612946,21919394,5914796,0,0,0,0,372,84,0,0,0,0,0,0,966,1239152,6649798,0,20504,20104,28382,47562,6245266,1528096,2,0,0,0,1775822,2252184,1623780,919816,411806,250124,231244,392618,32436,86,60609844,1166,1598,880,0,21971642,679768,12459926,9445462,547180,510480,469960,22880,816316.4,60609844,60609844,9530340,56375,11930,65374,64560,7889916,1209600,0,,,,40681610.88,0,8632372.8,994,2652,0,70,117594,2804510,3670216,1185846,92520,17094,2050,16,,0,60609844,7458,1294,814516,556282,1096544,5412872,950,0,0,0,,,,,,,,,,4074,372,0,0,0,0,0,0,0,0,439874,14288,3314,0,0,75396,11080,2766460,329090,0,0,0,0,6316400,2855.64,3324,1292280,793764,358428,145486,388750,1399606,3317232,115936,78434,0,0,0
258336,0,,0,0,0,0,0,0,16698,1737524,11765546,4606134,103362,0,9430970,33376,660,598,0,0,14954268,11976642,4992484,2552344,0,0,0,0,0,0,0,0,0,0,0,0,4534792,13621220,73252,0,28168,20330,33172,86720,10225056,7828306,7492,12,8,0,6794284,3031638,1763488,1243984,950180,821932,975676,1510464,997380,140238,19950420,6078,5626,3978,676,9430970,374788,2683690,2294702,476880,374540,398760,215320,258335.2,19950420,19950420,19636758,128428,1521802,26442,555440,18229264,1209600,0,,,,16279144.32,0,1925409.6,,,0,0,0,452164,6124434,9520378,1878158,198042,48318,7770,,0,19950420,17502,3736,644888,1481706,1836864,13306122,926498,11938,10,0,,,,,,,,,,15312,646,0,0,0,0,0,0,0,0,276802,160980,26550,0,0,641302,91070,43687580,7394580,0,0,0,0,41159060,,,2027644,4518700,2736662,1238812,3232218,2398826,974318,681862,414316,5906,0,0
376608,1630,,0,0,0,0,0,81082,2201320,3655472,1247044,136784,1384,0,10856958,0,80,0,1436378,2013930,18618938,16744894,6404588,2949402,0,0,0,0,10814,6326,0,0,0,0,0,0,0,2206100,5116986,0,3330,5046,11164,18136,1640010,5645400,0,0,0,0,1923420,1775818,1126928,852114,491082,301938,237586,409054,201724,3422,26460318,2870,2314,11082,18,10856958,409092,2136450,4264870,333660,353240,353760,257420,376607.89,26460318,26460318,7621338,53885,87552,92710,1045360,7323086,1209600,0,,,,19630695.36,0,5902116.48,126,856,0,56,302478,2781388,3133708,1054086,42370,7910,1074,16,,0,26460318,2630,714,1600838,313526,996528,4407884,966,0,0,0,,,,,,,,,,21610,1462,0,0,0,0,0,0,0,0,235690,127864,26080,45148858,7533478,729670,133754,30837320,3609136,19069992,53970,0,0,55679160,1370.82,1522,1660476,833626,561466,263798,559204,846192,988324,1590696,19304,0,0,0
270096,2130706432,,0,0,0,0,41584,2219206,10225612,9253532,4287402,1303618,182624,2448,10273724,4652,0,0,392164,595478,22579108,19408782,4922928,3328756,0,0,0,0,1342,132,0,0,0,0,0,0,116,5391712,22124198,0,855688,276920,306448,1326056,22144560,2606354,0,0,0,0,11130556,6830274,2820824,1951526,1274584,848672,643396,951112,829630,235452,27895840,6228,3112,1152,0,10273724,313592,1498912,3419146,273200,263120,224860,10580,270095.24,27895840,27895840,27993832,162561,8764,112976,51560,27516026,1209600,0,,,,17085180.48,6817619.52,3594209.28,8146,12856,1428,252852,3803742,10951482,8607334,3432258,431122,32152,3618,38,,0,27895840,12258,2880,6927994,4281252,9300704,6987050,3888,0,0,0,,,,,,,,,,1922,34,0,0,380,533206,0,0,0,0,159044,16066,4316,0,0,70080,10324,19813440,2054216,0,0,0,0,0,4748.6,5526,10506564,4268290,3492032,1500852,2749530,3923980,712076,341244,21458,0,0,0
734884,,,,,0,0,0,68714,2247904,15415332,23330470,4440822,54152,184,16813874,15796,0,,52182,100576,36914750,30723712,12335716,5364802,,0,0,0,,,0,0,0,0,328,3331498,20968574,16590314,4666864,0,34640,25018,57914,116516,9646944,35211378,465164,4,0,0,13848396,8724502,5236732,4074192,3199612,3147978,4704348,2618622,3196,0,49307892,,,,,16813874,559888,6665788,5632288,359140,288460,241280,224700,734883.23,49307892,49307892,48701540,311976,,,837260,45557578,1209600,,,,,40700018.88,0,4831696.32,,,0,222,728596,8611652,21372398,13394546,1213714,174158,44884,17408,,,49307892,36844,8314,776962,3134216,6205220,32057406,3263678,74936,2,0,,,,,,,,,,,,,,,,,,,,321740,,,,,,,,,,,,,,,,5132808,7864804,5945480,3082698,6002352,5406076,4488404,2980122,4372134,282700,,
988318,2814,,0,0,0,21028,956272,11963232,30710490,31642438,15141232,5489422,616238,1986,,,,,,,,,,,32,,,,15562,2468,0,0,0,0,0,0,794,13210282,83062430,268832,10124620,2174792,2103732,2495698,3849642,63546002,6275326,5972526,0,0,51619006,11106870,9534052,6301186,4021940,2824650,1981898,1578760,835608,6738368,,31754,11362,34102,2438,,,,,,,,,988317.09,,,98339156,408467,788358,,,97027226,,0,,,,52811705.28,32644418.88,11508178.56,36964,54024,133418,1648636,10327592,15384560,23374324,21722520,10845298,7548018,4458406,1099566,,0,,30022,4508,2963642,29507204,13731536,32128402,17784568,389830,2616,10,,,,,,,,,,101426,1876,973040,27064294,0,0,0,0,0,0,,244276,62042,62424076,19009252,1779974,289164,90489660,12736146,31964788,22578,0,0,146802370,21194.3,9644,44412824,8114924,6710342,3155846,7137502,8499198,7678000,10570566,263014,122,0,0
878804,,,,,0,0,0,0,358858,10092152,35333390,8234746,86584,52,20085478,748,0,,6648,15288,39023504,30081842,15970998,8696742,,0,3850,0,,,0,0,0,0,842,4630962,20542714,23986952,4944312,0,48704,58142,144844,918010,35882654,17053170,254,4,0,0,20909294,7846716,4340736,3388142,2948084,4103974,8531334,2037078,424,0,55008986,,,,,20085478,880850,8415998,7514592,630780,585840,485180,214160,878804.9,55008986,55008986,55014526,384756,,,441880,54105782,1209600,,,,,49192932.48,0,4892057.28,,,0,0,55384,3828544,23662052,24408354,1936692,168722,44446,1588,,,55008986,32582,8042,2297264,2018972,10426702,37578078,1719390,24750,2,0,,,,,,,,,,,,,,,,,,,,525314,,,,,,,,,,,,,,,,5165660,9358046,7510344,3839268,7833966,7138788,7107966,3677008,2457190,17546,,
1098482,,,,,0,0,0,9156,814074,32956650,41565380,2421114,18252,0,28707156,0,10022,,16808,22306,68439786,63884524,10584474,4241110,,0,0,0,,,162344,124292,117824,2564540,1692858,2794466,5522044,55369768,9436490,0,58408,73038,193482,1578064,43258552,32623030,52,0,0,0,25229574,27645974,10408198,5526350,3525310,2506398,1986310,903336,52850,326,79045866,,,,,28707156,810386,4792088,5774856,143140,138040,169040,31760,1098482.69,79045866,79045866,79099256,363793,,,319100,77784626,1209600,,,,,69112077.12,0,8648553.6,,,0,0,93092,9436140,49857352,17235826,1018822,131988,11364,42,,,79045866,41218,9344,1087130,7239242,4183194,49217572,15955008,51898,20,0,,,,,,,,,,,,,,,,,,,,301284,,,,,,,,,,,,,,,,9076994,14476826,13752280,8260934,23790782,6878094,1120690,271746,155276,1004,,
1206594,,,,,0,40456,1434120,11771014,27381866,27559114,8491028,1267364,181506,6384,31304196,247456,0,,3910928,7320264,51007804,42264680,24309334,11873172,,0,1716,0,,,0,0,0,0,0,0,1822,47025954,31105076,0,125634,70734,140148,243560,33551804,44000958,14,0,0,0,17946798,17078678,9691614,9337854,6737144,4425488,3370594,4411462,3386756,1746464,79230650,,,,,31304196,1346478,7298814,16988366,536440,435420,366900,204480,1206593.71,79230650,79230650,79877082,695497,,,537440,78132852,1209600,,,,,61511059.2,2.88,16629302.4,,,373104,1592670,9163126,27054100,24672134,12188072,2927240,146614,15346,446,,,79230650,34228,8870,11880894,6676974,25295008,34197020,39858,0,0,0,,,,,,,,,,,,,,,,,,,,855208,,,,,,,,,,,,,,,,16939454,7546942,6680234,3335844,8326242,9441772,9574658,15840500,447112,94,,
1399260,,,,,0,0,0,6446,1522768,16073400,52009652,19122156,261182,764,15026638,240332,162,0,20252,52550,29602172,21737716,20399468,7001596,,0,0,0,,,0,0,0,0,370,6681228,36760168,39945968,5608634,0,95498,100758,158626,282490,12800992,75485612,72282,92,14,4,30139856,19237688,9190424,7079116,7283902,10281770,5628062,155550,0,0,50028944,,,,,15026638,755864,11433940,8869144,833000,755200,480020,225400,1399259.13,50028944,50028944,96165238,584289,,98424,334800,88996368,1209600,,,,,80418334.08,0,8546634.24,0,0,0,0,191526,6570602,34124754,41359984,6013696,623490,109830,2486,,,50028944,62144,13258,4686462,4257706,9327140,62990446,7545802,113396,14,0,,,,,,,,,,,,,,,,,,,,465470,,,,,,,,,,,,,,26457.74,30164,8953564,15953184,13554358,6616014,13808966,12374992,9353786,4617270,3705850,58384,,
290970,,,,,0,0,0,208406,7517788,18064944,11724448,1843864,368888,22422,15800078,931370,0,,309826,882426,24185642,14952054,16327548,9286026,,0,45004,0,,,17791214,4300632,1028542,727098,697698,663432,4008108,9771552,762484,0,20796,13000,21774,151172,18247066,20257266,1039680,6,0,0,24198856,7150372,3322422,2195432,1502654,823970,394118,153704,9108,124,40826078,,,,,15800078,632850,5383026,10907356,470120,424200,496520,313700,290970.41,40826078,40826078,40861986,148849,,,854160,39750760,1209600,,,,,32207187.84,0,7528355.52,,,0,1866,207914,7454100,19487962,10711598,1592364,253884,40314,758,,,40826078,28012,6788,4305056,1906162,8958300,22288926,2210020,47496,0,0,,,,,,,,,,,,,,,,,,,,516068,,,,,,,,,,,,,,,,7757082,21924332,3486026,1668040,3612930,1020856,172894,51756,55754,1090,,
880862,,,0,0,0,0,49454,1414542,11204012,20782590,12811582,2889948,237220,15372,25103902,144570,82,,554226,798702,42787946,37552362,16421348,4989216,0,0,9464,0,1758,476,0,0,0,5804,277180,702756,2056896,18542402,27819682,0,188582,283484,445068,577886,10382516,37527166,18,0,0,0,11858802,18647750,9116006,3464062,1788444,1181586,1098734,1204284,679666,365386,59764250,70836,21712,66740,14202,25103902,700790,10462326,5946300,455840,290680,316320,210000,880861.06,59764250,59764250,59662178,295179,798492,,447080,49404720,1209600,0,,,,42406134.72,0,6962039.04,3396,13090,0,425772,4625030,16680052,16250188,9737216,1582972,92690,10538,262,,0,59764250,33790,6712,3577480,2697100,21478626,21577986,33026,0,0,0,,,,,,,,,,47414,2978,,,,,,,,,400920,103490,28216,2021871166,10625584,1377102,169512,100727080,13538666,31185908,664374,0,0,,13012,15090,7175250,4610414,2933474,1633106,3586472,4405736,7584872,17120934,354344,118,0,0
1009598,,,,,0,0,0,0,198528,11108500,42525234,14149986,439574,17646,25132642,245340,19400,,342,494,53250300,44716434,21196594,7790704,,0,1558,0,,,0,0,0,0,1114,7687220,56783708,3900648,66778,0,46712,29392,72770,197184,10954666,56955246,182298,1056,120,24,22837744,13874460,4200148,3790416,4325816,7496368,11099956,814528,32,0,74466656,,,,,25132642,874508,11366158,9675786,246980,225420,226700,62060,1009597.33,74466656,74466656,74489488,469683,,,408140,68439468,1209600,,,,,58182513.6,0,10208458.56,0,0,0,0,12970,4332248,31750232,28378572,3427740,452934,83694,1078,,,74466656,68826,16162,6486956,4337310,21647070,33397890,2412020,73222,12,0,,,,,,,,,,,,,,,,,,,,515066,,,,,,,,,,,,,,27336.94,35642,10543248,13419318,9605692,4243920,7707862,6056374,5421828,3928352,7368248,144626,,
183146,,,,,0,0,0,268,343900,4288312,6093494,588076,5110,0,4472058,0,0,,3882,8914,9401840,7711802,4182538,1451240,,0,0,0,,,0,0,0,0,0,707778,4636950,4156820,1817612,0,13486,12488,18558,37394,4175114,7046290,15830,0,0,0,3220140,1987952,881370,696242,594398,648878,1231994,1853764,202850,1572,13590108,,,,,4472058,172636,3037706,1140014,367380,374640,517640,85400,183145.99,13590108,13590108,,97056,,,256200,,1209600,,,,,10519042.56,0,792806.4,,,0,0,49366,1720946,5785574,3430630,263544,52134,16546,420,,,13590108,11416,2254,532978,264248,682180,8954418,828784,42880,2,0,,,,,,,,,,,,,,,,,,,,101120,,,,,,,,,,,,,,,,850624,2302952,1609610,823968,1604146,1327514,1128626,1060524,606020,5176,,
187748,87330,,0,0,0,57752,671848,2782724,11780158,25832012,17801004,4464894,248052,9300,29681682,0,590,0,1059166,1523060,50371794,43023502,12656942,8116814,12,0,8520,0,8944,2018,0,0,0,0,0,0,150,14642098,48232562,772934,14636,9228,15242,40510,24364300,39195110,8148,568,2,0,35614540,12519282,2027682,1232436,1099004,1406292,2110194,3131502,2265594,2241218,64086986,176,494,778,1050,29681682,1135452,4293494,8357252,243840,252160,270920,257920,187747.03,64086986,64086986,64178812,348480,192480,100458,1165540,63647744,1209600,0,,,,33702244.8,2043029.76,27844637.76,122,1812,336878,1739534,4269764,16656006,25577216,10680002,2701852,1243776,431778,10938,,16514,64086986,15588,3356,21637258,9875362,10505656,21515980,94544,0,0,0,,,,,,,,,,80896,496,0,0,160800,841492,0,0,0,0,611916,4206,586,0,0,306628,90252,30752700,3667844,63486,124334,0,0,73801630,5335.82,6852,30756988,29048378,3621436,206268,14112,428,100,34,0,0,0,0
1196158,16,36,0,0,0,0,0,1826,107070,224732,39710,9750,82,0,29339256,42010,0,0,4919338,6606936,55261860,53820358,12483778,4726782,0,0,1284,0,42,6,0,0,0,0,0,0,0,65706,317464,0,962,1142,960,1042,1062,374460,3542,0,0,0,137990,55182,47622,28054,21396,15604,12164,9638,5898,49622,72677642,34,308,306,2,29339256,674334,5011926,7440134,382540,240400,203940,591420,1196158.11,72677642,72677642,71950290,2335,0,35534,1194740,68623358,1209600,10424,8,18,0,59816673.6,0,8752454.4,62,186,0,0,2654,44204,89972,52638,39012,36138,43954,74598,284,278,72677642,586,60,25076,35542,18542,266328,35378,1656,2,0,42,60,789444,314776,0,6010,0,0,822518,622,202,0,0,0,0,0,0,0,0,444482,1408,434,690156,107198,7460,1700,64360,7094,435882,110,0,0,0,191.98,190,76674,42322,18844,13454,36400,78564,98542,17622,748,0,0,0
1032510,7492,1102,0,0,7212,303376,2266780,12425434,28358188,26079130,9203582,2212134,133862,56,31111060,4446,0,0,4792680,6652132,55543620,48545542,23798198,10873174,40,0,0,0,25532,6094,0,0,0,0,0,0,1052,25613264,55276600,98838,79968,76866,116696,206702,301650,22435684,45996016,9828288,1947884,0,34638854,15564954,7543050,5005894,3565512,2659980,2127688,1831656,1033040,7019126,84134340,30264,32980,23544,12,31111060,1007574,7474360,16311880,597380,620540,612500,345040,1032510.54,84134340,84134340,83862740,419604,34766,35376,638620,80999740,1209600,2065772,0,396,0,57754760.64,15834826.56,7374322.56,7076,14744,1186880,2340744,7813018,11038758,23036546,16269072,10084600,5382532,2270614,1566990,360,876,84134340,34876,3672,14935464,9179048,3175774,49336260,4287330,37254,76,0,2192,506,12363096,3080818,0,14,0,0,12845266,72758,27030,0,0,26800,15851300,0,0,0,0,649840,696508,158068,136464228,23523860,2325482,415956,4442320,658924,81048026,93850,0,0,237509350,9470.64,8984,23527730,9891452,9383928,3999510,7595646,14600942,9247210,2594440,148896,0,0,0
168630,,,0,0,19442,284296,1801568,5448530,9748986,10030710,7964656,6522516,5194944,7024346,5642556,24760,63280,0,264338,659196,8230590,5155184,4980944,3150326,12,0,6074804,2698,38644,2446,0,0,0,0,0,0,6432350,43081392,4526252,0,410688,366874,724960,1255480,31753844,19527626,520,0,2,0,22932052,9531492,11158246,3884896,2213188,1513296,1597348,980302,157516,71658,13475682,1556,1012,3410,6356,5642556,223936,414042,4560768,695400,673460,694440,100220,168629.33,13475682,13475682,55532098,330328,624056,7262,166300,54039994,1209600,0,,,,15429399.36,40368893.76,13949126.4,,,6278490,2577810,4059806,6650902,6261702,11159352,15371646,1538068,139198,3020,,0,13475682,12304,3350,10874904,10007496,21342590,11796700,2650,0,0,0,,,,,,,,,,82968,4036,,,,,,,,,190468,78544,20520,0,0,638280,107624,36524660,6642878,0,0,0,0,,,,42873868,6297090,1571398,459556,819908,1174338,505270,321854,16712,0,0,0
235420,376,318,0,0,0,0,33258,858380,7141510,6315280,1709268,204400,10178,0,6723668,7582,0,0,357250,540414,12909846,11248676,3811490,1745532,0,0,0,0,2128,334,0,0,0,0,0,0,0,2499724,13640152,132398,29034,20878,40724,74608,264368,15836828,5834,0,0,0,4599572,4120602,2469250,1625514,929546,600082,490104,729830,652224,55550,17081416,3210,802,2652,6,6723668,237360,1354864,2452254,431240,316640,256700,27480,235420.87,17081416,17081416,17093336,111578,220,117042,119900,16272274,1209600,365532,0,848,0,12739018.56,0,3519213.12,776,2550,2344,231486,2312130,7856046,4599198,1163694,80274,13434,1212,12456,12,26,17081416,11640,2476,2196580,1378578,4826676,7822576,33748,0,0,0,672,730,12597642,4363844,0,9358,0,0,12795362,22560,9440,0,0,0,0,0,0,0,0,144184,80758,19352,0,0,437540,54898,109920,15714,0,0,0,0,19154940,5028.88,6034,3604552,2045918,1457868,701456,1831034,2679938,3617130,273740,60638,0,0,0
125508,236,188,0,0,0,0,632,93822,2359996,5681568,2335352,412044,19228,0,4733712,65620,0,0,32402,57506,8875252,7562942,2211980,1172914,0,0,0,0,2258,54,0,0,0,0,0,0,0,4607234,6295408,0,24170,18782,27982,41706,54460,4740884,5968932,24248,1478,0,5209256,2578536,724198,634860,408032,317924,255006,337902,312694,124234,11121686,10256,9904,1408,6,4733712,169088,563352,1645472,164080,175880,329640,30460,125508.52,11121686,11121686,11147638,62742,234,8324,214600,10910244,1209600,249468,0,232,0,6855806.4,0,4037170.56,776,3102,668,3944,748006,3088400,5342470,1575740,127096,12932,3196,190,22,68,11121686,15994,1278,1992016,2053058,1120788,5658322,61144,42,0,0,150,50,6095448,3304430,10,154,0,0,6953248,15288,6308,0,0,0,0,0,0,0,0,109468,43992,11790,25334820,3630314,276328,38814,4093000,414132,10768980,7420,0,0,73944830,3885.32,4290,4088674,1253638,760758,344696,755012,823180,2665190,209944,1550,0,0,0
792226,31928,,0,0,0,0,0,0,1397990,36870536,26670124,2421344,202620,2724,32264784,23734,1196,1796,542,1210,56174996,45414374,16569472,9210298,0,0,0,0,170710,25648,39622,16732,24884076,9413080,12436902,20381568,161144,174024,58914,0,114530,48488,57126,81298,465718,66798486,344,64,8,0,35902224,7047104,6145300,4938850,4808496,4759788,3444222,520070,8,0,72757768,30696,14376,35654,1688,32264784,1000494,8313864,8223002,306880,299000,289300,10720,792225.19,72757768,72757768,71705324,317941,616868,27842,45580,67566090,1209600,0,,,,60559798.08,0,6931566.72,110,19404,0,0,17814,5778750,35386078,23378408,2572160,361572,69466,1814,,588,72757768,116788,21060,4723830,3747140,8640612,42733662,7558232,24680,58,0,,,,,,,,,,79556,5120,0,0,0,0,0,0,0,0,662424,149624,20846,0,0,1937374,249028,260105880,28247842,54073722,839656,0,0,40240680,33997.24,37734,7244218,23911600,13297522,7843906,15171980,79854,11042,3164,2052,0,0,0
696810,3660,14,0,0,0,0,0,0,0,2004,0,0,0,0,17020610,1098,0,,3701508,4923326,30709816,30889444,13968086,2727394,38,0,0,0,11320,3738,0,0,0,0,0,0,0,846,1158,0,36,18,20,16,20,1894,0,0,0,0,1972,30,2,0,0,0,0,0,0,0,48381044,48338,102450,45850,12,17020610,412266,10431860,3528330,336040,323380,366660,331780,696809.01,48381044,48381044,48084980,3,432,,1165020,38707704,1209600,838664,0,4,0,35436774.72,0,3254871.36,0,8,0,0,0,660,1342,2,0,0,0,0,22,3754,48381044,20,4,2,0,2,1604,260,96,16,0,18,0,221500,146584,0,0,0,0,224526,40842,35730,,,,,,,,,274162,268090,78482,82454220,13651176,916368,134646,17300,3404,46331736,225998,0,0,,,10,1908,96,0,0,0,0,0,0,0,0,0,0
593796,2912,,0,0,0,1760,382562,4186634,12658244,14715024,4053244,338380,9256,0,15408426,754,0,0,1926598,2588780,28003624,25452668,9118400,3654670,6,0,0,0,7028,1794,0,0,0,0,0,0,0,10784590,25560514,0,166888,120490,153588,264354,3760844,31878920,20,0,0,0,8987744,9197340,7602278,4519454,2124980,1213812,898780,859392,443254,498070,39054164,4678,4836,3708,134,15408426,483660,3757412,5343886,406480,498260,529040,74620,593796.72,39054164,39054164,38954076,243310,158892,106772,290720,36345104,1209600,0,,,,29248134.72,0,7084561.92,4846,15696,78392,1944730,7577290,14891916,9557358,2035772,206076,49412,4150,8,,0,39054164,28362,5622,3503136,3672908,4549218,24552810,33048,0,0,0,,,,,,,,,,58826,1364,0,0,0,0,0,0,0,0,308810,151238,38620,0,0,1051816,177014,42949840,4942762,0,0,0,0,184846920,11191.1,12904,7253894,4118454,2197824,926516,1953780,2818692,5249264,11533002,293632,46,0,0
377724,2042,,0,0,0,1796,249580,2774426,12865956,15999028,7718002,2486692,442080,4936,,,,,,,,,,,0,,,,11836,50,0,0,0,0,0,186,1900706,26574650,14066954,0,12838,3084,4978,10194,414396,42096850,156,0,0,0,18612812,13676400,3367696,2020520,1288592,920490,721474,903366,725680,305466,,23404,12442,8760,210,,,,,,,,,377724.18,,,44639024,187223,283796,,,42542496,,0,,,,28360037.76,9924863.04,4236795.84,52224,,27518,1081858,5393158,15211562,13624550,6488002,666480,44750,4590,28,,130,,18750,5516,7340160,8352966,15777106,10937062,110936,0,0,0,,,,,,,,,,42508,3080,0,0,2780,10382708,0,0,0,0,,163134,34596,107436570,10954956,1646328,179460,120619560,13309402,520072,1015490,0,0,44661970,0.4,0,14368448,10352662,7917648,2747694,4001644,625530,729666,1765316,33888,0,0,0
238702,426,0,0,0,0,0,0,12198,638676,4586604,7230602,2366708,114124,5788,6974074,11092,0,0,12972,27466,12686542,10412504,2749920,2056200,0,0,0,0,570,716,0,0,0,0,0,951200,6662402,5798266,1542832,0,6972,1832,3522,235364,9445814,5245806,15388,2,0,0,4809492,3451770,1407330,1107644,1167184,1968614,1026992,15674,0,0,15451682,596,126,450,14,6974074,227954,1437466,1286246,291440,263880,222860,205420,238701.95,15451682,15451682,15473978,94542,79798,74468,907640,14954700,1209600,453298,0,0,0,13452244.8,0,1492061.76,0,0,0,0,62820,1630096,5618110,5931084,1595388,92518,24010,674,0,114,15451682,19064,2662,197578,805552,468438,7888462,5456318,116264,362,0,0,0,0,0,0,0,0,0,0,8414,840,0,0,0,0,0,0,0,0,129826,187810,39756,0,0,575314,82458,4560940,891084,0,0,0,0,35573610,4543.92,5282,1568364,2561214,2210264,1095288,2135078,1864538,1701790,971846,836204,10114,0,0
207292,3418,,0,0,0,34086,300110,2063184,6215198,4727946,846560,111508,3406,0,5801906,169078,0,0,725526,1158444,10882358,9720628,3549192,1633832,0,0,0,0,2400,1068,0,0,0,0,0,16308,281524,4301500,9490874,211792,29930,22954,31402,72804,1844760,12300148,0,0,0,0,3936072,4236106,2106680,1201074,711030,480604,386492,726270,481864,35806,15158276,4902,14712,4660,0,5801906,200450,1629932,1915276,248700,281280,271360,185180,207292.9,15158276,15158276,15129320,93731,119204,51394,626780,14301998,1209600,0,,,,10482744.96,577682.88,3234977.28,1166,2372,110886,765024,3149834,5814204,3529428,860748,61012,9678,1184,0,,0,15158276,7830,1258,1363060,2235906,4103394,6587606,2944,0,0,0,,,,,,,,,,6588,360,0,0,1360,586610,0,0,0,0,131814,79138,23992,26392116,4336350,380784,67814,14281540,1938168,15004282,111736,0,0,41304740,2538.78,3156,3842408,880168,1075284,748704,1892554,2372806,3308370,176844,4860,0,0,0
1379946,,,,,0,0,0,0,4544,1023590,2438360,904712,1734,0,32948490,27000,322,,1298,3214,69373278,55250514,21920528,12758810,,0,0,0,,,0,0,0,0,33002,1833304,1260148,1246174,312,0,2538,1170,2380,4044,533010,3758902,70896,0,0,0,1141592,1005286,411076,355708,364348,510612,564332,19986,0,0,91302792,,,,,32948490,1119924,9987614,11878158,603240,636260,649480,237580,1379946.13,91302792,91302792,4458878,33571,,,432740,4372940,1209600,,,,,82027662.72,0,6861642.24,0,0,0,0,0,278618,2085098,1641880,344252,18370,4522,200,,,91302792,3450,694,223876,207944,2132554,1723564,79018,1840,0,0,,,,,,,,,,,,,,,,,,,,727476,,,,,,,,,,,,,,1261.36,1428,399738,926342,718702,381134,765076,631212,371856,113822,65000,58,,
781452,,,,,0,0,0,299850,3841874,19383518,20601710,4401232,78474,560,20685112,20814,166318,,133222,206282,38199398,32326438,13580174,5630394,,0,0,0,,,0,69934,79422,110450,420424,9627266,13469710,24745596,84416,0,63408,99448,178094,409302,23504086,24263772,89106,2,0,0,14307016,11870476,7487896,4338894,2713704,2522892,4308772,1055878,1690,0,51917036,,,,,20685112,735382,7204844,6343896,382540,394520,467220,278360,781451.12,51917036,51917036,51943950,295692,,,1034040,48607218,1209600,,,,,42576957.12,0,6013434.24,,,0,29540,1575982,12227760,21314078,11838938,1400752,180810,34844,4514,,,51917036,33440,6338,2895802,1821914,2689278,35494048,5568934,97458,6,0,,,,,,,,,,,,,,,,,,,,428372,,,,,,,,,,,,,,,,6280522,7388390,5289212,2765462,5903292,8277162,6202846,3540464,2911190,48678,,
578592,3244,2360,0,0,0,4052,272492,3228468,9033052,7497708,3095546,680318,38186,548,23940350,341910,124,0,3029858,5310234,40600744,32287056,22049684,10508586,48,0,420,0,8586,1444,0,0,0,0,0,0,59870,10061700,13728800,0,22968,22370,27476,120066,5790734,17866750,6,0,0,0,10849354,8337874,2276750,1004116,534882,315420,206056,153976,101712,70230,65682072,1134,5420,6704,0,23940350,1022122,4116150,17897996,506260,418400,490940,66540,578591.36,65682072,65682072,24194544,93204,34242,120484,325580,23850370,1209600,748894,1036,322,2,41041254.72,6867993.6,16390320.96,892,2478,27546,1016310,5547128,8950102,6136020,2018536,139626,13956,1106,40,226,238,65682072,8552,1666,6097014,1942312,12192792,3606506,1528,0,0,0,3302,2958,14439838,3771662,26,2608,0,0,16162346,70596,576,16274770,3565292,0,0,0,0,0,0,701368,71228,14492,0,0,906218,138054,8808040,1083762,0,0,0,0,203821340,3541.26,3780,8210450,7050436,3123760,948754,1298298,1595084,875090,726906,21592,0,0,0
